gene,CHROM,POS,REF,ALT
BRCA1,17,41276135,T,G
BRCA1,17,41276135,T,C
BRCA1,17,41276135,T,A
BRCA1,17,41276134,T,G
BRCA1,17,41276134,T,C
BRCA1,17,41276134,T,A
BRCA1,17,41276133,C,T
BRCA1,17,41276133,C,G
BRCA1,17,41276133,C,A
BRCA1,17,41276132,A,T
BRCA1,17,41276132,A,G
BRCA1,17,41276132,A,C
BRCA1,17,41276131,A,T
BRCA1,17,41276131,A,G
BRCA1,17,41276131,A,C
BRCA1,17,41276130,G,T
BRCA1,17,41276130,G,C
BRCA1,17,41276130,G,A
BRCA1,17,41276129,T,G
BRCA1,17,41276129,T,C
BRCA1,17,41276129,T,A
BRCA1,17,41276128,A,T
BRCA1,17,41276128,A,C
BRCA1,17,41276127,A,T
BRCA1,17,41276127,A,G
BRCA1,17,41276127,A,C
BRCA1,17,41276126,C,T
BRCA1,17,41276126,C,G
BRCA1,17,41276126,C,A
BRCA1,17,41276125,C,T
BRCA1,17,41276125,C,G
BRCA1,17,41276125,C,A
BRCA1,17,41276124,T,G
BRCA1,17,41276124,T,C
